page,section,consensus words,differ from VT0e,missing in VT0e,differ from RF1
f1r,Botanical,211,26,0,35
f1v,Botanical,92,8,0,16
f2r,Botanical,104,4,4,9
f2v,Botanical,60,2,0,9
f3r,Botanical,116,6,0,20
f3v,Botanical,85,8,0,12
f4r,Botanical,65,5,0,10
f4v,Botanical,84,9,0,14
f5r,Botanical,55,3,0,10
f5v,Botanical,45,1,0,5
f6r,Botanical,85,3,0,6
f6v,Botanical,115,17,0,19
f7r,Botanical,65,7,0,3
f7v,Botanical,75,6,0,12
f8r,Botanical,150,15,0,22
f8v,Botanical,119,3,0,12
f9r,Botanical,85,4,0,11
f9v,Botanical,85,3,0,8
f10r,Botanical,91,2,0,7
f10v,Botanical,55,4,0,5
f11r,Botanical,57,2,0,9
f11v,Botanical,51,7,1,5
f13r,Botanical,78,2,0,8
f13v,Botanical,66,2,0,10
f14r,Botanical,77,6,0,10
f14v,Botanical,74,12,0,17
f15r,Botanical,95,6,0,14
f15v,Botanical,71,5,0,9
f16r,Botanical,82,9,0,13
f16v,Botanical,75,5,0,10
f17r,Botanical,80,12,2,10
f17v,Botanical,135,5,0,16
f18r,Botanical,83,8,0,6
f18v,Botanical,69,4,0,0
f19r,Botanical,76,3,0,2
f19v,Botanical,78,5,0,14
f20r,Botanical,88,8,0,9
f20v,Botanical,86,3,0,11
f21r,Botanical,98,9,0,18
f21v,Botanical,58,3,0,6
f22r,Botanical,109,8,0,17
f22v,Botanical,75,2,0,4
f23r,Botanical,105,4,0,16
f23v,Botanical,94,13,0,11
f24r,Botanical,108,15,0,10
f24v,Botanical,81,11,0,7
f25r,Botanical,48,2,0,2
f25v,Botanical,58,4,0,6
f26r,Botanical,91,20,0,16
f26v,Botanical,93,12,0,4
f27r,Botanical,91,5,0,8
f27v,Botanical,59,13,0,12
f28r,Botanical,67,2,0,1
f28v,Botanical,68,4,0,6
f29r,Botanical,65,2,0,12
f29v,Botanical,93,8,0,9
f30r,Botanical,99,9,0,19
f30v,Botanical,63,2,0,6
f31r,Botanical,102,9,0,15
f31v,Botanical,110,17,0,23
f32r,Botanical,76,3,0,13
f32v,Botanical,85,1,0,13
f33r,Botanical,73,7,0,4
f33v,Botanical,113,15,0,16
f34r,Botanical,147,10,0,13
f34v,Botanical,116,6,0,8
f35r,Botanical,93,8,0,14
f35v,Botanical,89,5,0,18
f36r,Botanical,62,3,0,4
f36v,Botanical,72,3,0,11
f37r,Botanical,80,9,0,13
f37v,Botanical,87,5,0,11
f38r,Botanical,42,3,0,7
f38v,Botanical,66,3,0,7
f39r,Botanical,158,17,0,25
f39v,Botanical,146,16,0,19
f40r,Botanical,98,5,0,7
f40v,Botanical,105,4,0,9
f41r,Botanical,97,9,0,14
f41v,Botanical,67,2,0,13
f42r,Botanical,141,7,0,14
f42v,Botanical,114,7,0,10
f43r,Botanical,152,18,0,19
f43v,Botanical,153,17,0,11
f44r,Botanical,76,7,0,15
f44v,Botanical,99,9,0,12
f45r,Botanical,89,8,0,8
f45v,Botanical,86,3,0,12
f46r,Botanical,163,21,0,16
f46v,Botanical,113,10,0,13
f47r,Botanical,79,2,0,12
f47v,Botanical,85,3,0,2
f48r,Botanical,89,5,0,10
f48v,Botanical,126,9,0,12
f49r,Botanical,115,11,0,18
f49v,Botanical,163,7,6,10
f50r,Botanical,97,19,0,16
f50v,Botanical,99,8,0,10
f51r,Botanical,89,11,0,17
f51v,Botanical,81,7,0,11
f52r,Botanical,66,4,0,5
f52v,Botanical,77,8,0,8
f53r,Botanical,59,8,0,11
f53v,Botanical,75,8,0,14
f54r,Botanical,112,10,0,13
f54v,Botanical,92,8,0,14
f55r,Botanical,127,15,0,15
f55v,Botanical,107,14,0,15
f56r,Botanical,105,14,0,30
f56v,Botanical,91,9,0,16
f57r,Botanical,87,12,0,21
f57v,Botanical,198,69,0,20
f58r,Botanical,380,41,0,37
f58v,Botanical,376,57,0,36
f65r,Botanical,3,0,0,0
f65v,Botanical,44,4,0,1
f66r,Botanical,353,34,2,54
f66v,Botanical,115,16,0,15
f67r1,Astronomy,163,36,0,17
f67r2,Astronomy,181,43,0,28
f67v2,Astronomy,62,25,2,15
f67v1,Astronomy,72,28,0,20
f68r1,Astronomy,66,11,0,12
f68r2,Astronomy,81,16,0,11
f68r3,Astronomy,108,32,0,30
f68v3,Astronomy,168,30,0,21
f68v2,Astronomy,105,18,0,13
f68v1,Astronomy,122,60,0,56
f69r,Astronomy,166,31,0,32
f69v,Astronomy,142,26,0,23
f70r1,Astronomy/ Zodiac,143,73,0,80
f70r2,Astronomy/ Zodiac,253,34,0,41
f70v2,Astronomy/ Zodiac,139,27,0,31
f70v1,Astronomy/ Zodiac,89,17,0,16
f71r,Zodiac,94,21,0,17
f71v,Zodiac,100,11,0,7
f72r1,Zodiac,109,29,0,22
f72r2,Zodiac,114,24,0,18
f72r3,Zodiac,169,50,0,41
f72v3,Zodiac,122,58,0,29
f72v2,Zodiac,113,42,0,40
f72v1,Zodiac,105,24,0,28
f73r,Zodiac,99,27,0,30
f73v,Zodiac,100,20,0,28
f75r,Balneology,424,32,0,39
f75v,Balneology,363,19,0,53
f76r,Balneology,570,43,0,83
f76v,Balneology,404,16,0,49
f77r,Balneology,332,19,0,29
f77v,Balneology,337,12,0,29
f78r,Balneology,299,15,0,41
f78v,Balneology,296,14,0,29
f79r,Balneology,391,27,0,48
f79v,Balneology,359,15,0,36
f80r,Balneology,451,39,0,56
f80v,Balneology,387,26,0,41
f81r,Balneology,215,19,0,16
f81v,Balneology,263,21,0,33
f82r,Balneology,302,39,0,55
f82v,Balneology,326,32,0,37
f83r,Balneology,348,30,0,34
f83v,Balneology,264,12,0,22
f84r,Balneology,374,46,0,49
f84v,Balneology,345,29,0,43
f85r1,Rose,350,51,0,44
f85r2,Rose,159,18,0,14
fRos,Rose,554,0,554,122
f86v4,Rose,195,31,0,21
f86v6,Rose,495,60,0,43
f86v5,Rose,389,28,0,30
f86v3,Rose,286,28,0,32
f87r,Botanical,105,16,0,20
f87v,Botanical,94,15,0,19
f88r,Pharmaceutical,150,8,0,13
f88v,Pharmaceutical,148,12,0,19
f89r1,Pharmaceutical,142,14,0,7
f89r2,Pharmaceutical,241,27,0,50
f89v2,Pharmaceutical,182,43,0,28
f89v1,Pharmaceutical,160,16,0,21
f90r1,Botanical,70,7,0,3
f90r2,Botanical,49,2,0,4
f90v2,Botanical,68,10,0,12
f90v1,Botanical,98,12,0,14
f93r,Botanical,155,15,0,10
f93v,Botanical,90,9,0,8
f94r,Botanical,85,8,0,10
f94v,Botanical,101,5,0,11
f95r1,Botanical,103,4,0,5
f95r2,Botanical,82,8,0,11
f95v2,Botanical,68,11,0,18
f95v1,Botanical,121,13,0,17
f96r,Botanical,87,3,0,6
f96v,Botanical,63,13,0,15
f99r,Pharmaceutical,199,23,0,30
f99v,Pharmaceutical,181,27,0,28
f100r,Pharmaceutical,117,14,0,33
f100v,Pharmaceutical,95,17,0,15
f101r,Pharmaceutical,231,62,0,35
f101v,Pharmaceutical,228,54,0,66
f102r1,Pharmaceutical,110,12,0,14
f102r2,Pharmaceutical,142,24,2,40
f102v2,Pharmaceutical,189,41,0,44
f102v1,Pharmaceutical,132,23,1,23
f103r,Starred paragraphs,539,56,0,72
f103v,Starred paragraphs,461,48,0,56
f104r,Starred paragraphs,454,47,0,58
f104v,Starred paragraphs,480,63,0,59
f105r,Starred paragraphs,383,44,0,66
f105v,Starred paragraphs,399,35,0,47
f106r,Starred paragraphs,442,23,12,72
f106v,Starred paragraphs,452,34,0,54
f107r,Starred paragraphs,499,41,0,67
f107v,Starred paragraphs,463,27,0,56
f108r,Starred paragraphs,499,26,0,52
f108v,Starred paragraphs,588,50,0,72
f111r,Starred paragraphs,628,49,0,92
f111v,Starred paragraphs,570,34,0,76
f112r,Starred paragraphs,407,40,0,68
f112v,Starred paragraphs,422,28,0,71
f113r,Starred paragraphs,531,42,0,71
f113v,Starred paragraphs,503,54,0,61
f114r,Starred paragraphs,461,44,0,58
f114v,Starred paragraphs,379,42,0,49
f115r,Starred paragraphs,471,63,0,49
f115v,Starred paragraphs,413,44,0,39
f116r,Starred paragraphs,552,55,0,68
f116v,Starred paragraphs,2,0,2,0
